Title,Date,Url,Text,Summary,Keywords
Σερβία: Εκτεταμένες ζημιές σε γραφεία του κυβερνώντος κόμματος,2025-08-15 07:26:25+03:00,https://www.naftemporiki.gr/kosmos/1994054/servia-ektetamenes-zimies-se-grafeia-toy-kyvernontos-kommatos/,"Εκτεταμένες ζημιές σε γραφεία του κυβερνώντος κόμματος Σερβικού Προοδευτικού Κόμματος (SNS) και επεισόδια σημειώθηκαν στη Σερβία μεταξύ αντικυβερνητικών διαδηλωτών, αστυνομίας και υποστηρικτών του SNS.

Διαδηλώσεις κατά της διαφθοράς δονούν συχνά τη Σερβία μετά την κατάρρευση γείσου οροφής σιδηροδρομικού σταθμού, η οποία στοίχισε τη ζωή σε 16 ανθρώπους, την 1η Νοεμβρίου 2024 στη Νόβι Σαντ, συμβάν που αποδόθηκε κατά κύριο λόγο στην ενδημική διαφθορά.

Διαδηλωτές συγκεντρώθηκαν ξανά σε διάφορες πόλεις σε όλη τη Σερβία την Τετάρτη, κυρίως σε απάντηση σε επίθεση υποστηρικτών του κυβερνώντος κόμματος σε διαδηλωτές στην πόλη Βρμπας, περίπου 160 χιλιόμετρα βόρεια της πρωτεύουσας, Βελιγραδίου.

Εκτεταμένες ζημιές σε γραφεία του κυβερνώντος κόμματος

Το βράδυ της Πέμπτης αντικυβερνητικοί διαδηλωτές εξαπέλυσαν επίθεση σε γραφεία του κυβερνώντος Σερβικού Προοδευτικού Κόμματος (SNS) στην πόλη Νόβι Σαντ της βόρειας Σερβίας, ενώ συγκρούστηκαν με την αστυνομία και υποστηρικτές του SNS στην πρωτεύουσα Βελιγράδι, την επομένη σφοδρών επεισοδίων με απολογισμό δεκάδες τραυματίες.

Στο Νόβι Σαντ, τη δεύτερη πολυπληθέστερη πόλη της Σερβίας, διαδηλωτές έσπασαν τα τζάμια των γραφείων του κυβερνώντος κόμματος, πέταξαν έξω έπιπλα και άλλα αντικείμενα, ενώ έριξαν αυγά και μπογιές στην είσοδο. «Έχει τελειώσει», φώναζαν εν χορώ οι διαδηλωτές, αναφερόμενοι στην 13χρονη διακυβέρνηση από τον πρόεδρο Βούτσιτς.

Επεισοδιακές διαδηλώσεις σημειώθηκαν την Πέμπτη σε αρκετές πόλεις της χώρας, συμπεριλαμβανομένου του Βελιγραδίου όπου διαδηλωτές και υποστηρικτές του κυβερνώντος κόμματος συγκρούστηκαν σε κεντρική λεωφόρο της πρωτεύουσας. Ισχυρές δυνάμεις της αστυνομίας επενέβησαν για να αποκαταστήσουν την τάξη.

Νωρίτερα, ο Σέρβος υπουργός Εσωτερικών Ίβιτσα Ντάτσιτς ενημέρωσε πως 27 αστυνομικοί και περίπου 80 πολίτες είχαν τραυματιστεί στα επεισόδια της Τετάρτης, ενώ οι δυνάμεις ασφαλείας προχώρησαν σε περισσότερες από 40 προσαγωγές.

Πηγές: ΑΠΕ-ΜΠΕ-Reuters-AFP","Εκτεταμένες ζημιές σε γραφεία του κυβερνώντος κόμματος Σερβικού Προοδευτικού Κόμματος (SNS) και επεισόδια σημειώθηκαν στη Σερβία μεταξύ αντικυβερνητικών διαδηλωτών, αστυνομίας και υποστηρικτών του SNS.
Διαδηλωτές συγκεντρώθηκαν ξανά σε διάφορες πόλεις σε όλη τη Σερβία την Τετάρτη, κυρίως σε απάντηση σε επίθεση υποστηρικτών του κυβερνώντος κόμματος σε διαδηλωτές στην πόλη Βρμπας, περίπου 160 χιλιόμετρα βόρεια της πρωτεύουσας, Βελιγραδίου.
Εκτεταμένες ζημιές σε γραφεία του κυβερνώντος κόμματοςΤο βράδυ της Πέμπτης αντικυβερνητικοί διαδηλωτές εξαπέλυσαν επίθεση σε γραφεία του κυβερνώντος Σερβικού Προοδευτικού Κόμματος (SNS) στην πόλη Νόβι Σαντ της βόρειας Σερβίας, ενώ συγκρούστηκαν με την αστυνομία και υποστηρικτές του SNS στην πρωτεύουσα Βελιγράδι, την επομένη σφοδρών επεισοδίων με απολογισμό δεκάδες τραυματίες.
Στο Νόβι Σαντ, τη δεύτερη πολυπληθέστερη πόλη της Σερβίας, διαδηλωτές έσπασαν τα τζάμια των γραφείων του κυβερνώντος κόμματος, πέταξαν έξω έπιπλα και άλλα αντικείμενα, ενώ έριξαν αυγά και μπογιές στην είσοδο.
Επεισοδιακές διαδηλώσεις σημειώθηκαν την Πέμπτη σε αρκετές πόλεις της χώρας, συμπεριλαμβανομένου του Βελιγραδίου όπου διαδηλωτές και υποστηρικτές του κυβερνώντος κόμματος συγκρούστηκαν σε κεντρική λεωφόρο της πρωτεύουσας.","['της', 'διαδηλωτές', 'κυβερνώντος', 'ζημιές', 'την', 'στην', 'σε', 'γραφεία', 'και', 'σερβία', 'του', 'εκτεταμένες', 'κόμματος', 'τη']"
"192 οι νεκροί δημοσιογράφοι στη Γάζα – Τα στοιχεία για Ιράκ, Αφγανιστάν και Ουκρανία",2025-08-15 08:27:42+03:00,https://www.naftemporiki.gr/kosmos/1994063/192-oi-nekroi-dimosiografoi-sti-gaza-ta-stoicheia-gia-irak-afganistan-kai-oykrania/,"Ζούμε την «πιο θανατηφόρα περίοδο για τους δημοσιογράφους» εδώ και δεκαετίες, δήλωσε η Επιτροπή για την Προστασία των Δημοσιογράφων (CPJ) μετά τον θάνατο του δημοσιογράφου του Al Jazeera Ανάς αλ Σαρίφ και πέντε συναδέλφων του σε στοχευμένο ισραηλινό πλήγμα στη Λωρίδα της Γάζας την Κυριακή.

Ο ισραηλινός στρατός επιβεβαίωσε ότι είχε στοχεύσει τον αλ Σαρίφ, υποστηρίζοντας ότι ήταν μέλος του τρομοκρατικού πυρήνα της Χαμάς και συμμετείχε σε επιθέσεις κατά του Ισραήλ. «Η δημοσιογραφική ταυτότητα δεν αποτελεί ασπίδα για την τρομοκρατία», ανέφεραν χαρακτηριστικά οι ισραηλινές δυνάμεις.

Ένα μήνα νωρίτερα εκπρόσωπος του ισραηλινού στρατού είχε δημοσιεύσει μία φωτογραφία του αλ Σαρίφ μαζί με τον Γιαχία Σινγουάρ, τον ηγέτη της Χαμάς που σκοτώθηκε από το Ισραήλ στη Γάζα τον περασμένο Οκτώβριο. Οι ισραηλινές δυνάμεις είχαν προηγουμένως κατηγορήσει τον αλ Σαρίφ και άλλους δημοσιογράφους του Al Jazeera ότι συνεργάζονται με τη Χαμάς.

Οι νεκροί δημοσιογράφοι στη Γάζα

Είναι δύσκολο να προσδιοριστεί με ακρίβεια πόσοι δημοσιογράφοι έχουν χάσει την ζωή τους στη διάρκεια της συγκρούσεων τα τελευταία χρόνια.

Κατά τη συλλογή των στοιχείων συχνά γίνεται διάκριση μεταξύ πολιτικών και στρατιωτικών δημοσιογράφων, καθώς και εκπροσώπων των μέσων ενημέρωσης που σκοτώνονται εν ώρα καθήκοντος και εκείνων που σκοτώνονται ενόσω βρίσκονται μακριά από την πρώτη γραμμή. Άλλοι δεν περιλαμβάνουν όσους εργάζονται για κρατικά ελεγχόμενα μέσα όπως το ρωσικό πρακτορείο ειδήσεων TASS ή το Al Aqsa TV που λειτουργεί η Χαμάς.

Επίσης, τα διαθέσιμα στοιχεία για τον αριθμό των δημοσιογράφων που σκοτώθηκαν σε ζώνες συγκρούσεων πριν από τις αρχές της δεκαετίας του 1990 είναι ακόμη πιο δύσκολο να επαληθευτούν. Η CPJ έχει δημόσια διαθέσιμες πληροφορίες που χρονολογούνται από το 1992. Η Διεθνής Ομοσπονδία Δημοσιογράφων (IFJ) με έδρα το Βέλγιο δήλωσε ότι είχε συντάξει ακριβείς καταλόγους θανάτων δημοσιογράφων από περίπου δύο χρόνια νωρίτερα.

Πόσοι δημοσιογράφοι έχουν σκοτωθεί στη Γάζα

Τουλάχιστον 192 δημοσιογράφοι και εργαζόμενοι στα μέσα ενημέρωσης έχουν σκοτωθεί στη Γάζα, τη Δυτική Όχθη, το Ισραήλ και τον Λίβανο από τον Οκτώβριο του 2023, σύμφωνα δελτίο της CPJ που ενημερώθηκε στις 12 Αυγούστου.

Η οργάνωση κάνει διάκριση μεταξύ «δημοσιογράφων» (συντακτικού προσωπικού) και «εργαζομένων υποστήριξης των μέσων ενημέρωσης» (όπως οδηγοί, διαμεσολαβητές, μεταφραστές, προσωπικό διανομής).

Ξεκαθαρίζει επίσης ότι τα στοιχεία δεν περιλαμβάνουν τους θανάτους δημοσιογράφων που δεν σχετίζονται με την εργασία τους. Ούτε περιλαμβάνει εργαζόμενους στην υποστήριξη των μέσων ενημέρωσης, εκτός εάν ο θάνατός τους επιβεβαιωθεί ότι σχετίζεται με την εργασία τους.

Στη Γάζα βλέπουμε την πιο θανατηφόρα περίοδο για τους δημοσιογράφους από τότε που ξεκίνησε η τήρηση αρχείων το 1992, ανέφερε η CPJ, προσθέτοντας ότι διερευνά άλλες 130 πιθανές περιπτώσεις δολοφονίας, σύλληψης ή τραυματισμού δημοσιογράφων, καθώς και ζημιές σε γραφεία και σπίτια εργαζομένων των μέσων ενημέρωσης.

Από τους 192 δημοσιογράφους που σκοτώθηκαν σε αυτές τις περιοχές σε σχεδόν δύο χρόνια μαχών, οι 184 ήταν Παλαιστίνιοι, σύμφωνα με την CPJ. Δύο ήταν Ισραηλινοί και έξι Λιβανέζοι δημοσιογράφοι.

Σημειώνεται ότι το Ισραήλ δεν επιτρέπει στα διεθνή μέσα ενημέρωσης να εισέλθουν στη Γάζα, με εξαίρεση τα αυστηρά ελεγχόμενα ταξίδια που διευθύνονται από τον ισραηλινό στρατό.

Τα στοιχεία της CPJ συμφωνούν με τις εκθέσεις άλλων ομάδων. «Σχεδόν 200 δημοσιογράφοι έχουν σκοτωθεί» σε αυτή τη φάση των εχθροπραξιών από τα τέλη του 2023, σύμφωνα με το International News Safety Institute. Πρόκειται για «έναν άνευ προηγουμένου αριθμό θυμάτων στo σύγχρονo ρεπορτάζ για τιε συγκρούσεις», ανέφερε η οργάνωση. Αντίστοιχα, η Διεθνής Ομοσπονδία Δημοσιογράφων (IFJ) και οι Δημοσιογράφοι Χωρίς Σύνορα, με έδρα το Παρίσι, δήλωσαν στο Newsweek ότι διαθέτουν παρόμοια στοιχεία.

Από τους περίπου 200 εργαζόμενους των μέσων ενημέρωσης που σκοτώθηκαν στη Γάζα σε διάρκεια 22 μηνών πολέμου, περίπου 50 έγιναν σκόπιμα στόχος, ενώ πολλοί άλλοι σκοτώθηκαν σε επιθέσεις που έπληξαν αμάχους στον παλαιστινιακό θύλακα, δήλωσε στο Newsweek ο Thibaut Bruttin, γενικός διευθυντής των Δημοσιογράφων Χωρίς Σύνορα.

Από την πλευρά του, ο ισραηλινός στρατός έχει δηλώσει ότι «ποτέ δεν έχει, και ποτέ δεν θα στοχοποιήσει σκόπιμα δημοσιογράφους».

Η προστασία των δημοσιογράφων κατοχυρώνεται από το διεθνές δίκαιο. Ως πολίτες, η σκόπιμη στοχοποίηση μελών του Τύπου αποτελεί έγκλημα πολέμου.","Οι ισραηλινές δυνάμεις είχαν προηγουμένως κατηγορήσει τον αλ Σαρίφ και άλλους δημοσιογράφους του Al Jazeera ότι συνεργάζονται με τη Χαμάς.
Οι νεκροί δημοσιογράφοι στη ΓάζαΕίναι δύσκολο να προσδιοριστεί με ακρίβεια πόσοι δημοσιογράφοι έχουν χάσει την ζωή τους στη διάρκεια της συγκρούσεων τα τελευταία χρόνια.
Ξεκαθαρίζει επίσης ότι τα στοιχεία δεν περιλαμβάνουν τους θανάτους δημοσιογράφων που δεν σχετίζονται με την εργασία τους.
Από τους 192 δημοσιογράφους που σκοτώθηκαν σε αυτές τις περιοχές σε σχεδόν δύο χρόνια μαχών, οι 184 ήταν Παλαιστίνιοι, σύμφωνα με την CPJ.
Αντίστοιχα, η Διεθνής Ομοσπονδία Δημοσιογράφων (IFJ) και οι Δημοσιογράφοι Χωρίς Σύνορα, με έδρα το Παρίσι, δήλωσαν στο Newsweek ότι διαθέτουν παρόμοια στοιχεία.","['του', 'ιράκ', 'για', 'που', 'δημοσιογράφων', 'τα', 'ουκρανία', 'νεκροί', 'την', 'τον', 'των', 'στοιχεία', 'με', 'ότι', 'στη', 'δημοσιογράφοι', 'οι', 'και', 'το']"
Μερτς: Μετά την Αλάσκα θέλει να δει άμεσες συνομιλίες του Πούτιν με την Ουκρανία,2025-08-15 07:56:54+03:00,https://www.naftemporiki.gr/kosmos/1994061/merts-meta-tin-alaska-thelei-na-dei-ameses-synomilies-toy-poytin-me-tin-oykrania/,"Οι Ευρωπαίοι ηγέτες αναμένουν ότι μετά τη συνάντησή του με τον πρόεδρο των ΗΠΑ Ντόναλντ Τραμπ στην Αλάσκα, ο Ρώσος ηγέτης Βλαντίμιρ Πούτιν θα ξεκινήσει διαπραγματεύσεις με την Ουκρανία για τον τερματισμό του πολέμου χωρίς προϋποθέσεις.

Ο Πούτιν «έχει σήμερα την ευκαιρία να αποδεχθεί μια κατάπαυση του πυρός» στην Ουκρανία, υπογράμμισε ο καγκελάριος της Γερμανίας Φρίντριχ Μερτς, ο οποίος τόνισε επίσης πως αναμένει από τον πρόεδρο της Ρωσίας «να αρχίσει διαπραγματεύσεις άνευ όρων» μετά τη συνάντησή του με τον πρόεδρο των ΗΠΑ Ντόναλντ Τραμπ σήμερα στην Αλάσκα.

«Ο στόχος πρέπει να είναι (η διοργάνωση) μιας συνόδου κορυφής στην οποία να συμμετέχει επίσης ο πρόεδρος (της Ουκρανίας Βολοντίμιρ) Ζελένσκι», κατά την οποία «πρέπει να συμφωνηθεί κατάπαυση του πυρός», σημείωσε επίσης ο Μερτς σε ανακοίνωσή του.

Ο καγκελάριος της Γερμανίας υπογράμμισε εξάλλου ότι «ο πρόεδρος Τραμπ μπορεί τώρα να κάνει ένα σημαντικό βήμα προς την ειρήνη».

Διαβάστε ακόμα:

→ Τα μυστικά όπλα Τραμπ και Πούτιν στη σύνοδο της Αλάσκας

→ Η (εδαφική) παραχώρηση που ετοιμάζεται (;) να κάνει ο Ζελένσκι","Οι Ευρωπαίοι ηγέτες αναμένουν ότι μετά τη συνάντησή του με τον πρόεδρο των ΗΠΑ Ντόναλντ Τραμπ στην Αλάσκα, ο Ρώσος ηγέτης Βλαντίμιρ Πούτιν θα ξεκινήσει διαπραγματεύσεις με την Ουκρανία για τον τερματισμό του πολέμου χωρίς προϋποθέσεις.
Ο Πούτιν «έχει σήμερα την ευκαιρία να αποδεχθεί μια κατάπαυση του πυρός» στην Ουκρανία, υπογράμμισε ο καγκελάριος της Γερμανίας Φρίντριχ Μερτς, ο οποίος τόνισε επίσης πως αναμένει από τον πρόεδρο της Ρωσίας «να αρχίσει διαπραγματεύσεις άνευ όρων» μετά τη συνάντησή του με τον πρόεδρο των ΗΠΑ Ντόναλντ Τραμπ σήμερα στην Αλάσκα.
«Ο στόχος πρέπει να είναι (η διοργάνωση) μιας συνόδου κορυφής στην οποία να συμμετέχει επίσης ο πρόεδρος (της Ουκρανίας Βολοντίμιρ) Ζελένσκι», κατά την οποία «πρέπει να συμφωνηθεί κατάπαυση του πυρός», σημείωσε επίσης ο Μερτς σε ανακοίνωσή του.
Ο καγκελάριος της Γερμανίας υπογράμμισε εξάλλου ότι «ο πρόεδρος Τραμπ μπορεί τώρα να κάνει ένα σημαντικό βήμα προς την ειρήνη».
Διαβάστε ακόμα:→ Τα μυστικά όπλα Τραμπ και Πούτιν στη σύνοδο της Αλάσκας→ Η (εδαφική) παραχώρηση που ετοιμάζεται (;) να κάνει ο Ζελένσκι","['την', 'με', 'πρόεδρο', 'ο', 'ουκρανία', 'τραμπ', 'μετά', 'του', 'μερτς', 'της', 'συνομιλίες', 'στην', 'θέλει', 'πούτιν', 'τον', 'να']"
Η (εδαφική) παραχώρηση που ετοιμάζεται (;) να κάνει ο Ζελένσκι,2025-08-15 07:14:22+03:00,https://www.naftemporiki.gr/kosmos/1994051/i-edafiki-parachorisi-poy-etoimazetai-na-kanei-o-zelenski/,"Η πρώτη συνάντηση από το 2021 μεταξύ των προέδρων της Ρωσίας και των ΗΠΑ θα πραγματοποιηθεί σήμερα το βράδυ στην Αλάσκα, όπου ο Ντόναλντ Τραμπ θα υποδεχθεί τον Βλαντίμιρ Πούτιν.

Ο Λευκός Οίκος φάνηκε τις προηγούμενες ημέρες να κατεβάζει τον πήχη των προσδοκιών, δηλώνοντας ότι οι δύο ηγέτες προσέρχονται στην συνάντηση με στόχο να «ακούσουν» ο ένας τον άλλον. Η σύνοδος κορυφής στην Αλάσκα είναι άλλωστε πρώτα από όλα διμερής.

Η Ρωσία επιθυμεί πρόσβαση στο χρηματοπιστωτικό σύστημα, άρση των κυρώσεων και να παρουσιάσει την Αρκτική ως κοινό επιχειρηματικό σύνορο ΗΠΑ-Ρωσίας. Ο Πούτιν θέλει να βγει από την απομόνωση και να λανσάρει τον εαυτό του ως παγκόσμιο παράγοντα. Από την πλευρά του, ο Τραμπ θέλει απεγνωσμένα να τελειώσει ο πόλεμος.

Για να «συναντηθούν» τα θέλω τους πρέπει να «πάνε» Ουκρανία. Ο Τραμπ δεν μπορεί να αντέξει οικονομικά μια έξοδο «τύπου Αφγανιστάν» και ο Πούτιν χρειάζεται (τουλάχιστον) τα κέρδη στο Ντονμπάς για να «παγώσει» τις συγκρούσεις, όπως παρατηρεί ο αναλυτής του R.Politik, Balazs Jarabik. Έτσι, σε αυτό το στάδιο, κανένας από τους δύο δεν αποδέχεται τους όρους του άλλου και μάλλον θα χρειαστεί χρόνος μέχρι να βρεθεί ένα κοινό πλαίσιο. Γι’ αυτό για τον Jarabik σε αυτό το στάδιο είναι σημαντικότερες οι εξελίξεις στο πεδίο παρά η συνάντηση των δύο ηγετών.

Βέβαια, η δήλωση του συμβούλου του Κρεμλίνου Γιούρι Ουσάκοφ, μετά την επίσκεψη στη Μόσχα του ειδικού απεσταλμένου του Αμερικανού προέδρου, Στιβ Γουίτκοφ υποδεικνύει ότι υπάρχει ήδη ένα προτεινόμενο ειρηνευτικό σχέδιο. «Υπήρξε μια προσφορά που έκαναν οι Αμερικανοί την οποία θεωρούμε αρκετά αποδεκτή», είχε δηλώσει ο Ουσάκοφ.

Το σχέδιο αυτό, σύμφωνα με το πολωνικό Onet, περιλαμβάνει κατάπαυση του πυρός, αλλά όχι πλήρη ειρηνευτική συμφωνία, de facto αναγνώριση των κατεχόμενων από τη Ρωσία ουκρανικών εδαφών με αναβολή του ζητήματος του καθεστώτος για 49 ή 99 χρόνια, καθώς και άρση των κυρώσεων.

Παράλληλα, για να δώσει κίνητρο στην ρωσική πλευρά για τον τερματισμό του πολέμου, ο Τραμπ σχεδιάζει να παρουσιάσει μια σειρά από οικονομικές προτάσεις στον Πούτιν. Οι προτάσεις αυτές, σύμφωνα με την Telegraph, περιλαμβάνουν το άνοιγμα των φυσικών πόρων της Αλάσκας στη ρωσική πλευρά- κάτι που ο Τραμπ ούτε διέψευσε ούτε επιβεβαίωσε- την άρση ορισμένων αμερικανικών κυρώσεων που αφορούν τη ρωσική αεροπορική βιομηχανία αλλά και την παραχώρηση πρόσβασης σε ορυκτά σπάνιων γαιών που βρίσκονται σε ουκρανικά εδάφη υπό ρωσικό έλεγχο.

Τι ζητάει ο Πούτιν

Όσον αφορά τις απαιτήσεις της Μόσχας έχουμε διαβάσει διάφορες εκδοχές. Κοινό στοιχείο ωστόσο όλων είναι το αίτημα του Πούτιν να παραχωρήσει η Ουκρανία στη Ρωσία ολόκληρη την ανατολική περιοχή του Ντονμπάς, δηλαδή ακόμα και εδάφη που δεν ελέγχουν οι ρωσικές δυνάμεις ούτε αναμένεται να το επιτύχουν στο άμεσο διάστημα- αν και φαίνεται να πιέζουν σημαντικά προσπαθώντας να προσέλθουν την Παρασκευή με ακόμα καλύτερη διαπραγματευτική δύναμη.

Έτσι ρωσικές ομάδες φέρεται να διείσδυσαν σε περιοχή κοντά στη Ντομπροπίλια, η οποία βρίσκεται βορειοδυτικά του Ποκρόφσκ, του κόμβου του Ντονέτσκ που αποτελεί «κλειδί» για την κατάληψη ολόκληρης της περιοχής από τη Μόσχα.

«Εμπόδιο» για την ειρήνη ο Ουκρανός πρόεδρος

Το εδαφικό σίγουρα είναι το «καυτό» σημείο, με τον ίδιο τον Τραμπ να δηλώνει ότι «θα υπάρξει κάποια ανταλλαγή, θα υπάρξουν κάποιες αλλαγές εδαφών». Μάλιστα ο Αμερικανός πρόεδρος εμφανίστηκε «λίγο ενοχλημένος» που ο Ουκρανός πρόεδρος Βολοντίμιρ Ζελένσκι απορρίπτει τις ανταλλαγές εδαφών λέγοντας ότι πρέπει να εξασφαλίσει συνταγματική έγκριση για να παραχωρήσει εδάφη.

Αυτή η στρατηγική, σύμφωνα με την Γιαροσλάβα Μπαρμπιέρι, ερευνήτρια στο Ukraine Forum του Chatham House, σχεδιάστηκε από τον Πούτιν- που γνωρίζει ότι οι όροι του δεν μπορούν να γίνουν αποδεκτοί από τους Ουκρανούς- για να παρουσιάσει στα μάτια του Τραμπ τον Ζελένσκι ως το κύριο εμπόδιο για την επίτευξη ειρήνης.

Παράλληλα, αυτή η στρατηγική, συνεχίζει, θα μπορούσε να δημιουργήσει ρήγμα μεταξύ Τραμπ και Ευρωπαίων και πόλωση στην ουκρανική κοινωνία μεταξύ όσων είναι τάσσονται υπέρ των παραχωρήσεων για τον τερματισμό του πολέμου.

Ο Ζελένσκι όμως φαίνεται να έχει δίκιο. Οι νόμοι της Ουκρανίας όντως ορίζουν ότι ούτε ο πρόεδρός της χώρας ούτε το κοινοβούλιο μπορούν να παραχωρήσουν εδάφη χωρίς να διοργανωθεί δημοψήφισμα- κάτι που πρακτικά δεν είναι εφικτό προς το παρόν, δεδομένου ότι η Ρωσία κατέχει περίπου το 20% της Ουκρανίας.

Ούτε θα μπορούσε να αποτελέσει λύση η μονομερής δράση και η παραβίαση του συντάγματος της χώρας- καθώς θα κατέληγαν σε αντιδράσεις, αν όχι σε αναταραχές, και θα «έσβηναν» το πολιτικό μέλλον του Ζελένσκι, σχολιάζει η Telegraph.

Η εδαφική παραχώρηση που ετοιμάζεται να κάνει ο Ζελένσκι

Μήπως όμως τελικά ο πρόεδρος της Ουκρανίας ετοιμάζεται να «ρίξει λίγο νερό στο κρασί του»;

Σύμφωνα με πηγές της Telegraph, ο Ζελένσκι έχει αποδεχτεί ότι δεν μπορεί να αποφύγει τις εδαφικές παραχωρήσεις, τουλάχιστον όχι ως ένα βαθμό- διαφορετικά άλλωστε θα χάσει την υποστήριξη των Αμερικανών, κάτι που κάποια στιγμή θα οδηγήσει επίσης στο «ξεθώριασμα» της βοήθειας των Ευρωπαίων.

Έτσι, σύμφωνα πάντα με τις πηγές της Telegraph, ο Ουκρανός πρόεδρος είναι πιθανώς έτοιμος να δεχθεί τον τερματισμό των συγκρούσεων, το «πάγωμα» της πρώτης γραμμής και να παραδώσει στη Μόσχα τον de facto έλεγχο των εδαφών που κατέχουν οι ρωσικές δυνάμεις.

Το κλειδί για να διαχειριστεί ο Ζελένσκι τη διαδικασία και να την λανσάρει στο εσωτερικό της χώρας του έγκειται στη σωστή διατύπωση της γλώσσας, σημειώνει το ρεπορτάζ και εξηγεί:

Η de jure αναγνώριση του ρωσικού ελέγχου απαιτεί τη διοργάνωση δημοψηφίσματος και είναι πιθανό να πυροδοτήσει εντάσεις στην ουκρανική κοινωνία, που θα μπορούσαν να αποβούν μοιραίες για τον Ζελένσκι στις μελλοντικές κάλπες.

Η de facto αναγνώριση όμως είναι άλλο πράγμα καθώς αποδέχεται την προσωρινή πραγματικότητα της κατάστασης στο πεδίο αλλά δεν αναγνωρίζεται νομικά.

Γι’ αυτό και θεωρείται πιο πιθανή επιλογή, κατά την Telegraph που εξηγεί πως μια λύση- στα πρότυπα της σινοβρετανικής κοινής Διακήρυξης για το Χονγκ Κονγκ, θα μπορούσε να είναι η Ουκρανία και η Ρωσία να συμφωνήσουν να αναγνωρίσουν ότι οι περιοχές του Ντονμπάς είναι νομικά ουκρανικές, αλλά διοικούνται σαν να ανήκουν στη Μόσχα, για μια καθορισμένη χρονική περίοδο.

Βέβαια αυτό μοιάζει με το μοντέλο Δυτικής Όχθης που, σύμφωνα με τους Sunday Times, εξετάζουν Ηνωμένες Πολιτείες και Ρωσία ως πιθανή βάση για τον τερματισμό του πολέμου στην Ουκρανία. Αυτή η προσέγγιση θα παραχωρούσε στη Ρωσία τη στρατιωτική και οικονομική εξουσία επί των κατεχόμενων ουκρανικών εδαφών μέσω της διοικητικής της δομής.

Πάντως, πέρα από το γεγονός ότι ο Λευκός Οίκος χαρακτήρισε «fake news» το δημοσίευμα. Αυτή η λύση πιθανότατα θα έλυνε το έλυνε τα χέρια του Ζελένσκι όσον αφορά το κώλυμα με το δημοψήφισμα, αφήνοντας οποιαδήποτε πραγματική απόφαση για πολύ αργότερα. Από την άλλη όμως θα καταστήσει σχεδόν αδύνατη την επιστροφή των εδαφών στην Ουκρανία.

Οι εναλλακτικές επιλογές

Μοντέλο Φινλανδίας

Επίσημη συνθήκη που εδραιώνει τα εδαφικά κέρδη της Ρωσίας – καθιστώντας την προσάρτηση της Κριμαίας και των άλλων ουκρανικών περιοχών de jure, όχι απλώς de facto. Τα σύνορα αλλάζουν έτσι επίσημα.

Παράλληλα, μπαίνει οριστικός «πάγος» στην ένταξη της Ουκρανίας στο ΝΑΤΟ και την Ευρωπαϊκή Ένωση, έναν από τους βασικούς πολεμικούς στόχους της Ρωσίας. Αλλά, τουλάχιστον στα χαρτιά, η Ουκρανία εξασφαλίζει την ανεξαρτησία της μακροπρόθεσμα.

Κορεατικό μοντέλο

Το μέτωπο γίνεται ένα βαριά οχυρωμένο de facto σύνορο. Στη Χερσώνα, όπου η πρώτη γραμμή έχει ήδη ουσιαστικά «παγώσει» λόγω του απέραντου ποταμού Δνείπερου, μερικές φορές φαίνεται ότι το κορεατικό μοντέλο εφαρμόζεται ήδη. Αλλά απουσιάζουν τουλάχιστον δύο βασικά στοιχεία που στήριξαν την κορεατική ειρήνη μετά τον πόλεμο. Ωστόσο, απουσιάζουν τουλάχιστον δύο βασικά στοιχεία που υποστήριξαν την κορεατική ειρήνη μετά τον πόλεμο: οι εγγυήσεις ασφαλείας από τις ΗΠΑ και το γεγονός ότι σημείο εκκίνησης για την ανακωχή του 1953 ήταν οι θέσεις που κατείχαν τα δύο κορεατικά κράτη κατά το ξέσπασμα του πολέμου το 1950- δεν υπήρχαν δηλαδή συζητήσεις τύπου «ανταλλαγές εδαφών» που προωθεί ο Τραμπ.

Ειρήνη στον πόλεμο των drone

Η απουσία εγγύησης ασφάλειας- του αποτρεπτικού παράγοντα για τη Ρωσία να συνεχίσει τις μάχες και να μην επιχειρήσει να επιτεθεί ξανά – είναι η αχίλλειος πτέρνα όλων αυτών των σχεδίων. Ωστόσο, δύο πρώην υπουργοί της Ουκρανίας, οι Αντρίι Ζαγκοροντνιούκ και Αλίνα Φρόλοβα, έχουν προτείνει έναν τρόπο για να παγώσει η γραμμή χωρίς τις εγγυήσεις ασφαλείας. Σε μια εργασία που δημοσιεύθηκε νωρίτερα αυτό το καλοκαίρι, ζήτησαν μια στρατιωτική στρατηγική για την αποτελεσματική αποδέσμευση της Ρωσίας, καθιστώντας αδύνατη την χερσαία προέλαση.

Με τη σύγχρονη τεχνολογία των μη επανδρωμένων αεροσκαφών και τη συνεχή ευρωπαϊκή υποστήριξη, υποστηρίζουν, η πρώτη γραμμή θα μπορούσε ουσιαστικά να διευρυνθεί και να παγώσει ακόμη και χωρίς την αμερικανική στρατιωτική βοήθεια – ή μια επίσημη συνθήκη ειρήνης ή κατάπαυση του πυρός.

Ο στόχος είναι λίγο πολύ ο ίδιος με τα φινλανδικά και κορεατικά μοντέλα, «εκτός από το ότι δεν απαιτείται από την Ουκρανία να προβεί σε αυτήν την πολύ πολιτικά αυτοκτονική πράξη ανταλλαγής εδαφών, κάτι που, παρεμπιπτόντως, δεν υπάρχει περίπτωση να κάνει ο Ζελένσκι», όπως αναφέρει ο Ζαγκοροντνίουκ.

Το αποτέλεσμα θα κριθεί στο πεδίο

Εάν οι Ρώσοι περικυκλώσουν τα οχυρά της Ουκρανίας γύρω από το Κραματόρσκ, η εξέλιξη αυτή θα μπορούσε να θέσει τον Ζελένσκι σε θέση αδυναμίας. Η ξαφνινή πρόοδος που είδαμε αυτή την εβδομάδα είναι σημαντική, μέχρι στιγμής όμως δεν είναι αρκετή.","Ο Πούτιν θέλει να βγει από την απομόνωση και να λανσάρει τον εαυτό του ως παγκόσμιο παράγοντα.
Από την πλευρά του, ο Τραμπ θέλει απεγνωσμένα να τελειώσει ο πόλεμος.
Για να «συναντηθούν» τα θέλω τους πρέπει να «πάνε» Ουκρανία.
Ο Τραμπ δεν μπορεί να αντέξει οικονομικά μια έξοδο «τύπου Αφγανιστάν» και ο Πούτιν χρειάζεται (τουλάχιστον) τα κέρδη στο Ντονμπάς για να «παγώσει» τις συγκρούσεις, όπως παρατηρεί ο αναλυτής του R.Politik, Balazs Jarabik.
Μάλιστα ο Αμερικανός πρόεδρος εμφανίστηκε «λίγο ενοχλημένος» που ο Ουκρανός πρόεδρος Βολοντίμιρ Ζελένσκι απορρίπτει τις ανταλλαγές εδαφών λέγοντας ότι πρέπει να εξασφαλίσει συνταγματική έγκριση για να παραχωρήσει εδάφη.","['το', 'που', 'του', 'εδαφική', 'παραχώρηση', 'της', 'την', 'η', 'να', 'κάνει', 'για', 'ετοιμάζεται', 'ο', 'ζελένσκι', 'και']"
Δημοσκόπηση: Σχεδόν το 60% των Αμερικανών δεν εμπιστεύεται τον Τραμπ στο θέμα του ρωσο-ουκρανικού πολέμου,2025-08-15 01:12:49+03:00,https://www.naftemporiki.gr/kosmos/1994050/dimoskopisi-schedon-to-60-ton-amerikanon-den-empisteyetai-ton-tramp-sto-thema-toy-roso-oykranikoy-polemoy/,"Η πλειοψηφία των Αμερικανών δεν έχει εμπιστοσύνη στην ικανότητα του Προέδρου Ντόναλντ Τραμπ να λαμβάνει αποφάσεις σχετικά με τον πόλεμο Ρωσίας-Ουκρανίας ενόψει της συνάντησής του με τον Ρώσο Πρόεδρο Βλαντίμιρ Πούτιν, σύμφωνα με δημοσκόπηση που δημοσιεύθηκε την Πέμπτη.

Σχεδόν το 60% των ερωτηθέντων σε δημοσκόπηση του Pew Research Center δήλωσαν ότι είναι είτε «όχι και τόσο βέβαιοι» είτε «καθόλου βέβαιοι» ότι ο Τραμπ μπορεί να λάβει «σοφές αποφάσεις» σχετικά με τη φονικότερη σύγκρουση στην Ευρώπη μετά τον Β’ Παγκόσμιο Πόλεμο.

Οι Δημοκρατικοί εξέφρασαν σημαντικά λιγότερη εμπιστοσύνη στις ικανότητες λήψης αποφάσεων του προέδρου σε σχέση με τους Ρεπουμπλικάνους στη δημοσκόπηση που πραγματοποιήθηκε στις αρχές Αυγούστου. Ωστόσο, ο Τραμπ έχει χάσει την εμπιστοσύνη και μεταξύ των Ρεπουμπλικάνων, με το 73% να δηλώνει στο Pew ότι έχει κάποια ή μεγάλη εμπιστοσύνη στην ικανότητά του να χειριστεί τον πόλεμο, σε σύγκριση με το 81% τον Ιούλιο του 2024.

Ο Λευκός Οίκος προσπάθησε να μετριάσει τις προσδοκίες ενόψει της συνόδου της Παρασκευής στην Αλάσκα, με τη εκπρόσωπο Τύπου Καρολάιν Λέβιτ να χαρακτηρίζει τη συνάντηση ως μια «άσκηση ακρόασης». Ωστόσο, ο Τραμπ δήλωσε ότι αναμένει ο Πούτιν να λάβει τη συνάντηση σοβαρά, απειλώντας με «πολύ σοβαρές συνέπειες» τη Μόσχα αν ο Ρώσος ηγέτης δεν συμφωνήσει να λάβει μέτρα για τον τερματισμό του πολέμου.

Ο Τραμπ μίλησε με Ευρωπαίους ηγέτες — συμπεριλαμβανομένου του Ουκρανού Προέδρου Βολοντίμιρ Ζελένσκι — την Τετάρτη, λέγοντας ότι η Ουκρανία θα συμμετάσχει σε οποιεσδήποτε συζητήσεις σχετικά με πιθανές εδαφικές παραχωρήσεις, αφού προηγουμένως είχε υπονοήσει ότι οποιαδήποτε ανακωχή θα περιλάμβανε «ανταλλαγή εδαφών».

Αλλάζουν στάση οι Αμερικανοί για τα θέματα του πολέμου

Οι Αμερικανοί είναι διχασμένοι ως προς το αν οι ΗΠΑ έχουν την ευθύνη να βοηθήσουν την Ουκρανία να αμυνθεί στον πόλεμο, με τους Δημοκρατικούς να είναι κατά πολύ πιο πιθανό να εκφράζουν υποστήριξη προς την αμερικανική βοήθεια στην Ουκρανία. Ωστόσο, λιγότεροι από 1 στους 3 Αμερικανούς θεωρούν πλέον τον πόλεμο ως σημαντική απειλή για τα συμφέροντα των ΗΠΑ — μια απότομη πτώση σε σχέση με το 2022, όταν η Ρωσία εξαπέλυσε την πλήρους κλίμακας εισβολή στη γειτονική της χώρα.

Πάντως, οι Αμερικανοί είναι πλέον λιγότερο πιθανό σε σχέση με τον Μάρτιο να πουν ότι ο Τραμπ ευνοεί υπερβολικά τη Ρωσία στον πόλεμο. Η αλλαγή αυτή έρχεται καθώς ο Τραμπ έχει μετατοπίσει τη δημόσια στάση του σχετικά με τον πόλεμο τους τελευταίους μήνες, υιοθετώντας έναν ολοένα και πιο επικριτικό τόνο.

Η δημοσκόπηση πραγματοποιήθηκε διαδικτυακά και τηλεφωνικά από τις 4 έως τις 10 Αυγούστου, σε τυχαίο δείγμα 3.554 ενηλίκων. Το περιθώριο σφάλματος είναι συν/πλην 1,8 ποσοστιαίες μονάδες.

Με πληροφορίες από POLITICO

Διαβάστε επίσης:

Τραμπ: «Ο Πούτιν θέλει να τελειώσει με τον πόλεμο – Αν αποτύχει η συνάντηση θα πάω σπίτι»","Η πλειοψηφία των Αμερικανών δεν έχει εμπιστοσύνη στην ικανότητα του Προέδρου Ντόναλντ Τραμπ να λαμβάνει αποφάσεις σχετικά με τον πόλεμο Ρωσίας-Ουκρανίας ενόψει της συνάντησής του με τον Ρώσο Πρόεδρο Βλαντίμιρ Πούτιν, σύμφωνα με δημοσκόπηση που δημοσιεύθηκε την Πέμπτη.
Ωστόσο, ο Τραμπ έχει χάσει την εμπιστοσύνη και μεταξύ των Ρεπουμπλικάνων, με το 73% να δηλώνει στο Pew ότι έχει κάποια ή μεγάλη εμπιστοσύνη στην ικανότητά του να χειριστεί τον πόλεμο, σε σύγκριση με το 81% τον Ιούλιο του 2024.
Πάντως, οι Αμερικανοί είναι πλέον λιγότερο πιθανό σε σχέση με τον Μάρτιο να πουν ότι ο Τραμπ ευνοεί υπερβολικά τη Ρωσία στον πόλεμο.
Η αλλαγή αυτή έρχεται καθώς ο Τραμπ έχει μετατοπίσει τη δημόσια στάση του σχετικά με τον πόλεμο τους τελευταίους μήνες, υιοθετώντας έναν ολοένα και πιο επικριτικό τόνο.
Με πληροφορίες από POLITICOΔιαβάστε επίσης:Τραμπ: «Ο Πούτιν θέλει να τελειώσει με τον πόλεμο – Αν αποτύχει η συνάντηση θα πάω σπίτι»","['στο', 'το', 'τον', 'ότι', 'θέμα', 'με', 'ρωσοουκρανικού', 'σε', 'των', 'ο', 'τραμπ', 'σχεδόν', 'να', 'τη', 'του', 'την', 'πολέμου']"
Δημοσκόπηση: Σχεδόν το 60% των Αμερικανών δεν εμπιστεύεται τον Τραμπ στο θέμα του ρωσο-ουκρανικού πολέμου,2025-08-15 01:12:49+03:00,https://www.naftemporiki.gr/kosmos/1994050/dimoskopisi-schedon-to-60-ton-amerikanon-den-empisteyetai-ton-tramp-sto-thema-toy-roso-oykranikoy-polemoy/,"Η πλειοψηφία των Αμερικανών δεν έχει εμπιστοσύνη στην ικανότητα του Προέδρου Ντόναλντ Τραμπ να λαμβάνει αποφάσεις σχετικά με τον πόλεμο Ρωσίας-Ουκρανίας ενόψει της συνάντησής του με τον Ρώσο Πρόεδρο Βλαντίμιρ Πούτιν, σύμφωνα με δημοσκόπηση που δημοσιεύθηκε την Πέμπτη.

Σχεδόν το 60% των ερωτηθέντων σε δημοσκόπηση του Pew Research Center δήλωσαν ότι είναι είτε «όχι και τόσο βέβαιοι» είτε «καθόλου βέβαιοι» ότι ο Τραμπ μπορεί να λάβει «σοφές αποφάσεις» σχετικά με τη φονικότερη σύγκρουση στην Ευρώπη μετά τον Β’ Παγκόσμιο Πόλεμο.

Οι Δημοκρατικοί εξέφρασαν σημαντικά λιγότερη εμπιστοσύνη στις ικανότητες λήψης αποφάσεων του προέδρου σε σχέση με τους Ρεπουμπλικάνους στη δημοσκόπηση που πραγματοποιήθηκε στις αρχές Αυγούστου. Ωστόσο, ο Τραμπ έχει χάσει την εμπιστοσύνη και μεταξύ των Ρεπουμπλικάνων, με το 73% να δηλώνει στο Pew ότι έχει κάποια ή μεγάλη εμπιστοσύνη στην ικανότητά του να χειριστεί τον πόλεμο, σε σύγκριση με το 81% τον Ιούλιο του 2024.

Ο Λευκός Οίκος προσπάθησε να μετριάσει τις προσδοκίες ενόψει της συνόδου της Παρασκευής στην Αλάσκα, με τη εκπρόσωπο Τύπου Καρολάιν Λέβιτ να χαρακτηρίζει τη συνάντηση ως μια «άσκηση ακρόασης». Ωστόσο, ο Τραμπ δήλωσε ότι αναμένει ο Πούτιν να λάβει τη συνάντηση σοβαρά, απειλώντας με «πολύ σοβαρές συνέπειες» τη Μόσχα αν ο Ρώσος ηγέτης δεν συμφωνήσει να λάβει μέτρα για τον τερματισμό του πολέμου.

Ο Τραμπ μίλησε με Ευρωπαίους ηγέτες — συμπεριλαμβανομένου του Ουκρανού Προέδρου Βολοντίμιρ Ζελένσκι — την Τετάρτη, λέγοντας ότι η Ουκρανία θα συμμετάσχει σε οποιεσδήποτε συζητήσεις σχετικά με πιθανές εδαφικές παραχωρήσεις, αφού προηγουμένως είχε υπονοήσει ότι οποιαδήποτε ανακωχή θα περιλάμβανε «ανταλλαγή εδαφών».

Αλλάζουν στάση οι Αμερικανοί για τα θέματα του πολέμου

Οι Αμερικανοί είναι διχασμένοι ως προς το αν οι ΗΠΑ έχουν την ευθύνη να βοηθήσουν την Ουκρανία να αμυνθεί στον πόλεμο, με τους Δημοκρατικούς να είναι κατά πολύ πιο πιθανό να εκφράζουν υποστήριξη προς την αμερικανική βοήθεια στην Ουκρανία. Ωστόσο, λιγότεροι από 1 στους 3 Αμερικανούς θεωρούν πλέον τον πόλεμο ως σημαντική απειλή για τα συμφέροντα των ΗΠΑ — μια απότομη πτώση σε σχέση με το 2022, όταν η Ρωσία εξαπέλυσε την πλήρους κλίμακας εισβολή στη γειτονική της χώρα.

Πάντως, οι Αμερικανοί είναι πλέον λιγότερο πιθανό σε σχέση με τον Μάρτιο να πουν ότι ο Τραμπ ευνοεί υπερβολικά τη Ρωσία στον πόλεμο. Η αλλαγή αυτή έρχεται καθώς ο Τραμπ έχει μετατοπίσει τη δημόσια στάση του σχετικά με τον πόλεμο τους τελευταίους μήνες, υιοθετώντας έναν ολοένα και πιο επικριτικό τόνο.

Η δημοσκόπηση πραγματοποιήθηκε διαδικτυακά και τηλεφωνικά από τις 4 έως τις 10 Αυγούστου, σε τυχαίο δείγμα 3.554 ενηλίκων. Το περιθώριο σφάλματος είναι συν/πλην 1,8 ποσοστιαίες μονάδες.

Με πληροφορίες από POLITICO

Διαβάστε επίσης:

Τραμπ: «Ο Πούτιν θέλει να τελειώσει με τον πόλεμο – Αν αποτύχει η συνάντηση θα πάω σπίτι»","Η πλειοψηφία των Αμερικανών δεν έχει εμπιστοσύνη στην ικανότητα του Προέδρου Ντόναλντ Τραμπ να λαμβάνει αποφάσεις σχετικά με τον πόλεμο Ρωσίας-Ουκρανίας ενόψει της συνάντησής του με τον Ρώσο Πρόεδρο Βλαντίμιρ Πούτιν, σύμφωνα με δημοσκόπηση που δημοσιεύθηκε την Πέμπτη.
Ωστόσο, ο Τραμπ έχει χάσει την εμπιστοσύνη και μεταξύ των Ρεπουμπλικάνων, με το 73% να δηλώνει στο Pew ότι έχει κάποια ή μεγάλη εμπιστοσύνη στην ικανότητά του να χειριστεί τον πόλεμο, σε σύγκριση με το 81% τον Ιούλιο του 2024.
Πάντως, οι Αμερικανοί είναι πλέον λιγότερο πιθανό σε σχέση με τον Μάρτιο να πουν ότι ο Τραμπ ευνοεί υπερβολικά τη Ρωσία στον πόλεμο.
Η αλλαγή αυτή έρχεται καθώς ο Τραμπ έχει μετατοπίσει τη δημόσια στάση του σχετικά με τον πόλεμο τους τελευταίους μήνες, υιοθετώντας έναν ολοένα και πιο επικριτικό τόνο.
Με πληροφορίες από POLITICOΔιαβάστε επίσης:Τραμπ: «Ο Πούτιν θέλει να τελειώσει με τον πόλεμο – Αν αποτύχει η συνάντηση θα πάω σπίτι»","['των', 'τραμπ', 'τον', 'τη', 'ότι', 'ρωσοουκρανικού', 'το', 'σχεδόν', 'στο', 'σε', 'με', 'την', 'ο', 'να', 'του', 'πολέμου', 'θέμα']"
Πεντάγωνο: Στην πρωτεύουσα βρίσκονται τα 800 μέλη της Εθνοφρουράς που θα «καθαρίσουν» την Ουάσιγκτον,2025-08-14 23:48:50+03:00,https://www.naftemporiki.gr/kosmos/1994034/pentagono-stin-proteyoysa-vriskontai-ta-800-meli-tis-ethnofroyras-poy-tha-katharisoyn-tin-oyasigkton/,"Τα 800 μέλη της Εθνοφρουράς που κινητοποιήθηκαν από τον Ντόναλντ Τραμπ για να «καθαρίσουν» την Ουάσιγκτον, σύμφωνα με τους όρους του Αμερικανού προέδρου, βρίσκονται στην αμερικανική πρωτεύουσα, ανακοίνωσε το Πεντάγωνο.

«Επί του παρόντος, τα 800 μέλη της Εθνοφρουράς έχουν κινητοποιηθεί και βρίσκονται στο εξής εδώ, στην πρωτεύουσα μας», δήλωσε στους δημοσιογράφους η εκπρόσωπος του υπουργείου Άμυνας Κίνγκσλεϊ Γουίλσον.

Θα βοηθήσουν την αστυνομία της Ουάσιγκτον και τους ομοσπονδιακούς συναδέλφους τους που έχουν επιφορτιστεί με τη δημόσια τάξη να εγγυηθούν την ασφάλεια των μνημείων, να πραγματοποιούν περιπολίες στις γειτονιές, να προστατεύουν τις εγκαταστάσεις και τους ομοσπονδιακούς υπαλλήλους και να ελέγχουν την κυκλοφορία, πρόσθεσε η εκπρόσωπος.

Αυτοί οι έφεδροι στρατιωτικοί θα παραμείνουν μέχρι να αποκατασταθεί η δημόσια τάξη στην πόλη, όπως έχει αποφασιστεί από τον πρόεδρο Τραμπ.

Ο πρόεδρος των ΗΠΑ ανακοίνωσε τη Δευτέρα ότι θέτει την πόλη της Ουάσιγκτον υπό άμεσο ομοσπονδιακό έλεγχο για την αποκατάσταση της δημόσιας τάξης και της ασφάλειας. Έκτακτα μέτρα για μια πόλη που, όπως λέει, «έχει καταληφθεί από βίαιες συμμορίες» και την οποία θέλει να «καθαρίσει».

Ωστόσο, τα επίσημα στατιστικά στοιχεία δείχνουν μείωση των περιστατικών βίαιης εγκληματικότητας στην πρωτεύουσα.

Σε αντίθεση με τις 50 πολιτείες των ΗΠΑ, η πόλη της Ουάσιγκτον λειτουργεί στο πλαίσιο μιας ειδικής σχέσης με την ομοσπονδιακή κυβέρνηση που περιορίζει την αυτονομία της.","Τα 800 μέλη της Εθνοφρουράς που κινητοποιήθηκαν από τον Ντόναλντ Τραμπ για να «καθαρίσουν» την Ουάσιγκτον, σύμφωνα με τους όρους του Αμερικανού προέδρου, βρίσκονται στην αμερικανική πρωτεύουσα, ανακοίνωσε το Πεντάγωνο.
Αυτοί οι έφεδροι στρατιωτικοί θα παραμείνουν μέχρι να αποκατασταθεί η δημόσια τάξη στην πόλη, όπως έχει αποφασιστεί από τον πρόεδρο Τραμπ.
Ο πρόεδρος των ΗΠΑ ανακοίνωσε τη Δευτέρα ότι θέτει την πόλη της Ουάσιγκτον υπό άμεσο ομοσπονδιακό έλεγχο για την αποκατάσταση της δημόσιας τάξης και της ασφάλειας.
Έκτακτα μέτρα για μια πόλη που, όπως λέει, «έχει καταληφθεί από βίαιες συμμορίες» και την οποία θέλει να «καθαρίσει».
Σε αντίθεση με τις 50 πολιτείες των ΗΠΑ, η πόλη της Ουάσιγκτον λειτουργεί στο πλαίσιο μιας ειδικής σχέσης με την ομοσπονδιακή κυβέρνηση που περιορίζει την αυτονομία της.","['της', 'ουάσιγκτον', 'πεντάγωνο', 'να', 'την', 'πρωτεύουσα', 'καθαρίσουν', 'μέλη', 'τα', 'και', 'που', 'στην', 'των', 'πόλη', 'τους']"
Κάγια Κάλας: Το σχέδιο ανέγερσης οικισμού στη Δυτική Όχθη παραβιάζει το διεθνές δίκαιο,2025-08-14 23:19:14+03:00,https://www.naftemporiki.gr/kosmos/1994029/kagia-kalas-to-schedio-anegersis-oikismoy-sti-dytiki-ochthi-paraviazei-to-diethnes-dikaio/,"Η επικεφαλής της ευρωπαϊκής διπλωματίας Κάγια Κάλας κάλεσε σήμερα το Ισραήλ να «παραιτηθεί» από την υλοποίηση του σχεδίου του για την ανέγερση οικισμού στην κατεχόμενη Δυτική Όχθη, σχέδιο που υποστηρίζει ο ακροδεξιός Ισραηλινός υπουργός Οικονομικών Μπεζαλέλ Σμότριτς.

«Η απόφαση των ισραηλινών αρχών να προωθήσουν το εποικιστικό σχέδιο E1 υπονομεύει περαιτέρω τη λύση των δύο κρατών και αποτελεί παραβίαση του διεθνούς δικαίου», δήλωσε η Κάλας

Η επικεφαλής της εξωτερικής πολιτικής της Ευρωπαϊκής Ένωσης πρόσθεσε ότι «η ΕΕ προτρέπει το Ισραήλ να παραιτηθεί από την υλοποίηση αυτής της απόφασης, σημειώνοντας τις μεγάλες συνέπειές του. Η ΕΕ επαναλαμβάνει την έκκλησή της προς το Ισραήλ να σταματήσει την κατασκευή του οικισμού».","Η επικεφαλής της ευρωπαϊκής διπλωματίας Κάγια Κάλας κάλεσε σήμερα το Ισραήλ να «παραιτηθεί» από την υλοποίηση του σχεδίου του για την ανέγερση οικισμού στην κατεχόμενη Δυτική Όχθη, σχέδιο που υποστηρίζει ο ακροδεξιός Ισραηλινός υπουργός Οικονομικών Μπεζαλέλ Σμότριτς.
«Η απόφαση των ισραηλινών αρχών να προωθήσουν το εποικιστικό σχέδιο E1 υπονομεύει περαιτέρω τη λύση των δύο κρατών και αποτελεί παραβίαση του διεθνούς δικαίου», δήλωσε η ΚάλαςΗ επικεφαλής της εξωτερικής πολιτικής της Ευρωπαϊκής Ένωσης πρόσθεσε ότι «η ΕΕ προτρέπει το Ισραήλ να παραιτηθεί από την υλοποίηση αυτής της απόφασης, σημειώνοντας τις μεγάλες συνέπειές του.
Η ΕΕ επαναλαμβάνει την έκκλησή της προς το Ισραήλ να σταματήσει την κατασκευή του οικισμού».","['της', 'να', 'την', 'δυτική', 'του', 'οικισμού', 'παραβιάζει', 'υλοποίηση', 'κάλας', 'όχθη', 'κάγια', 'σχέδιο', 'ισραήλ', 'των', 'η', 'στη', 'διεθνές', 'το']"
Τραμπ: Πρέπει να επιτραπεί η είσοδος σε δημοσιογράφους στη Γάζα,2025-08-14 21:43:19+03:00,https://www.naftemporiki.gr/kosmos/1994002/tramp-prepei-na-epitrapei-i-eisodos-se-dimosiografoys-sti-gaza/,"Ο πρόεδρος των ΗΠΑ Ντόναλντ Τραμπ δήλωσε την Πέμπτη ότι θα ήθελε να δει δημοσιογράφους να έχουν πρόσβαση στη Γάζα για να παρακολουθούν τις ανθρωπιστικές προσπάθειες.

Το Ισραήλ δεν έχει επιτρέψει σε ξένους δημοσιογράφους να εισέλθουν στη Γάζα από την έναρξη του πολέμου τον Οκτώβριο του 2023, εκτός εάν βρίσκονται υπό ισραηλινή στρατιωτική συνοδεία.

«Θα ήθελα να το δω αυτό να συμβαίνει. Σίγουρα», δήλωσε ο Τραμπ στους δημοσιογράφους στο Οβάλ Γραφείο. «Θα ήμουν πολύ ευχαριστημένος με την είσοδο δημοσιογράφων. Και είναι μια πολύ επικίνδυνη θέση, όπως γνωρίζετε, αν είσαι δημοσιογράφος, αλλά θα ήθελα να το δω».

Πηγή: Reuters","Ο πρόεδρος των ΗΠΑ Ντόναλντ Τραμπ δήλωσε την Πέμπτη ότι θα ήθελε να δει δημοσιογράφους να έχουν πρόσβαση στη Γάζα για να παρακολουθούν τις ανθρωπιστικές προσπάθειες.
Το Ισραήλ δεν έχει επιτρέψει σε ξένους δημοσιογράφους να εισέλθουν στη Γάζα από την έναρξη του πολέμου τον Οκτώβριο του 2023, εκτός εάν βρίσκονται υπό ισραηλινή στρατιωτική συνοδεία.
«Θα ήθελα να το δω αυτό να συμβαίνει.
Σίγουρα», δήλωσε ο Τραμπ στους δημοσιογράφους στο Οβάλ Γραφείο.
Και είναι μια πολύ επικίνδυνη θέση, όπως γνωρίζετε, αν είσαι δημοσιογράφος, αλλά θα ήθελα να το δω».","['να', 'είσοδος', 'στη', 'την', 'του', 'πρέπει', 'σε', 'το', 'θα', 'δημοσιογράφους', 'πολύ', 'επιτραπεί', 'ο', 'τραμπ', 'γάζα', 'η']"
Ο ΟΗΕ καλεί το Ισραήλ να σταματήσει την προώθηση του νέου εποικιστικού σχεδίου στη Δυτική Όχθη,2025-08-14 21:12:59+03:00,https://www.naftemporiki.gr/kosmos/1993991/o-oie-kalei-to-israil-na-stamatisei-tin-proothisi-toy-neoy-epoikistikoy-schedioy-sti-dytiki-ochthi/,"Τα Ηνωμένα Έθνη καλούν το Ισραήλ να ανακαλέσει την απόφασή του να ξεκινήσει τις εργασίες για ένα από καιρό καθυστερημένο σχέδιο εποικισμού που θα διαιρέσει τη Δυτική Όχθη και θα την αποκόπτει από την Ανατολική Ιερουσαλήμ, δήλωσε ο εκπρόσωπος του ΟΗΕ Στεφάν Ντουζαρίκ.

«Θα έθετε τέλος στις προοπτικές μιας λύσης δύο κρατών», δήλωσε ο Ντουζαρίκ στους δημοσιογράφους.

«Οι εποικισμοί αντιβαίνουν στο διεθνές δίκαιο… εδραιώνουν περαιτέρω την κατοχή».

Πηγή: Reuters","Τα Ηνωμένα Έθνη καλούν το Ισραήλ να ανακαλέσει την απόφασή του να ξεκινήσει τις εργασίες για ένα από καιρό καθυστερημένο σχέδιο εποικισμού που θα διαιρέσει τη Δυτική Όχθη και θα την αποκόπτει από την Ανατολική Ιερουσαλήμ, δήλωσε ο εκπρόσωπος του ΟΗΕ Στεφάν Ντουζαρίκ.
«Θα έθετε τέλος στις προοπτικές μιας λύσης δύο κρατών», δήλωσε ο Ντουζαρίκ στους δημοσιογράφους.
«Οι εποικισμοί αντιβαίνουν στο διεθνές δίκαιο… εδραιώνουν περαιτέρω την κατοχή».
Πηγή: Reuters","['να', 'του', 'την', 'στη', 'προώθηση', 'από', 'το', 'θα', 'δήλωσε', 'τις', 'οηε', 'σταματήσει', 'σχεδίου', 'ο', 'όχθη']"
Στέιτ Ντιπάρτμεντ: Μία σταθερή Δυτική Όχθη διατηρεί το Ισραήλ ασφαλές,2025-08-14 21:03:02+03:00,https://www.naftemporiki.gr/kosmos/1993988/steit-ntipartment-mia-statheri-dytiki-ochthi-diatirei-to-israil-asfales/,"Οι Ηνωμένες Πολιτείες απάντησαν σήμερα στην ανακοίνωση του ακροδεξιού Ισραηλινού υπουργού Οικονομικών Μπεζαλέλ Σμότριτς ότι θα ξεκινήσουν οι εργασίες για έναν οικισμό που θα διχοτομήσει τη Δυτική Όχθη, τονίζοντας ότι μια σταθερή Δυτική Όχθη ευθυγραμμίζεται με τον στόχο της κυβέρνησης Τραμπ για ειρήνη στην περιοχή.

Όταν ρωτήθηκε για τη δήλωση του Σμότριτς ότι ο Ισραηλινός πρωθυπουργός Μπενιαμίν Νετανιάχου και ο Αμερικανός πρόεδρος Ντόναλντ Τραμπ συμφώνησαν στην αναβίωση του αποκαλούμενου (εποικιστικού) σχεδίου ανάπτυξης E1, εκπρόσωπος του αμερικανικού υπουργείου Εξωτερικών δήλωσε ότι οι ΗΠΑ παραμένουν επικεντρωμένες στον τερματισμό του πολέμου στη Γάζα και στη διασφάλιση ότι η Χαμάς δεν θα κυβερνήσει ποτέ ξανά το έδαφος αυτό.

«Μια σταθερή Δυτική Όχθη διατηρεί το Ισραήλ ασφαλές και ευθυγραμμίζεται με τον στόχο της αυτής κυβέρνησης να επιτευχθεί ειρήνη στην περιοχή», δήλωσε ο εκπρόσωπος.

Πηγή: ΑΠΕ – ΜΠΕ","Οι Ηνωμένες Πολιτείες απάντησαν σήμερα στην ανακοίνωση του ακροδεξιού Ισραηλινού υπουργού Οικονομικών Μπεζαλέλ Σμότριτς ότι θα ξεκινήσουν οι εργασίες για έναν οικισμό που θα διχοτομήσει τη Δυτική Όχθη, τονίζοντας ότι μια σταθερή Δυτική Όχθη ευθυγραμμίζεται με τον στόχο της κυβέρνησης Τραμπ για ειρήνη στην περιοχή.
Όταν ρωτήθηκε για τη δήλωση του Σμότριτς ότι ο Ισραηλινός πρωθυπουργός Μπενιαμίν Νετανιάχου και ο Αμερικανός πρόεδρος Ντόναλντ Τραμπ συμφώνησαν στην αναβίωση του αποκαλούμενου (εποικιστικού) σχεδίου ανάπτυξης E1, εκπρόσωπος του αμερικανικού υπουργείου Εξωτερικών δήλωσε ότι οι ΗΠΑ παραμένουν επικεντρωμένες στον τερματισμό του πολέμου στη Γάζα και στη διασφάλιση ότι η Χαμάς δεν θα κυβερνήσει ποτέ ξανά το έδαφος αυτό.
«Μια σταθερή Δυτική Όχθη διατηρεί το Ισραήλ ασφαλές και ευθυγραμμίζεται με τον στόχο της αυτής κυβέρνησης να επιτευχθεί ειρήνη στην περιοχή», δήλωσε ο εκπρόσωπος.
Πηγή: ΑΠΕ – ΜΠΕ","['διατηρεί', 'του', 'στέιτ', 'μία', 'ότι', 'για', 'το', 'ντιπάρτμεντ', 'δυτική', 'ασφαλές', 'θα', 'ισραήλ', 'και', 'σταθερή', 'οι', 'ο', 'στην', 'όχθη']"
Ρωσική κυβερνοεπίθεση σε υδροηλεκτρικό φράγμα της Νορβηγίας,2025-08-14 20:55:42+03:00,https://www.naftemporiki.gr/kosmos/1993983/rosiki-kyvernoepithesi-se-ydroilektriko-fragma-tis-norvigias/,"Ρώσοι χάκερς πήραν τον έλεγχο ενός νορβηγικού φράγματος, δημιουργώντας ένα άνοιγμα και επιτρέποντας στο νερό να ρέει ανεξέλεγκτα για τέσσερις ώρες, σύμφωνα με την υπηρεσία πληροφοριών της Νορβηγίας.

Η παραδοχή αυτή, από την Υπηρεσία Ασφαλείας της Νορβηγικής Αστυνομίας (PST), σηματοδοτεί την πρώτη φορά που το Όσλο αποδίδει επίσημα την κυβερνοεπίθεση του Απριλίου στο φράγμα του Μπρεμάνγκερ, στη δυτική Νορβηγία, στη Μόσχα.

Το περιστατικό

Η επίθεση στο υδροηλεκτρικό φράγμα, το οποίο παράγει ηλεκτρική ενέργεια, απελευθέρωσε 500 λίτρα νερού το δευτερόλεπτο για τέσσερις ώρες, μέχρι να εντοπιστεί και να σταματήσει το περιστατικό.

Το περιστατικό δεν προκάλεσε τραυματισμούς ή ζημιές, καθώς η στάθμη του ποταμού και του φράγματος, το οποίο βρίσκεται κοντά στην πόλη Σβέλγκεν, ήταν πολύ χαμηλότερη από το όριο πλημμύρας.

Οι φερόμενοι ως δράστες φέρονται να δημοσίευσαν ένα βίντεο διάρκειας τριών λεπτών, με υδατογράφημα που έφερε το όνομα φιλορωσικής κυβερνοεγκληματικής ομάδας, στην πλατφόρμα Telegram την ημέρα της επίθεσης.

Η Kripos, η υπηρεσία της νορβηγικής αστυνομίας για το οργανωμένο έγκλημα, δήλωσε στην εφημερίδα Aftenposten ότι «είναι ενήμερη πως η εν λόγω ομάδα συγκεντρώνει διάφορους δράστες που δρουν στον κυβερνοχώρο» και έχει συνδεθεί με αρκετές επιθέσεις κατά επιχειρήσεων της Δύσης τα τελευταία χρόνια.

Τι είπε η επικεφαλής της PTS

Η επικεφαλής της PST, Μπέατε Γκάνγκος, δήλωσε την Τετάρτη: «Τον τελευταίο χρόνο, έχουμε δει αλλαγή στη δραστηριότητα φιλορωσικών κυβερνοομάδων». Το περιστατικό στο Μπρεμάνγκερ ήταν ένα παράδειγμα αυτής της δράσης, πρόσθεσε.

«Ο στόχος αυτού του είδους των επιχειρήσεων είναι να επηρεάσουν και να προκαλέσουν φόβο και χάος στον γενικό πληθυσμό. Ο ρωσικός μας γείτονας έχει γίνει πιο επικίνδυνος».

Στη συνέχεια είπε: «Οι ρωσικές υπηρεσίες πληροφοριών δαπανούν σημαντικούς πόρους για τον εντοπισμό, την καλλιέργεια και τη στρατολόγηση επαφών στη Νορβηγία. Οι Νορβηγοί πολίτες θα μπορούσαν να αποτελέσουν καλές πηγές πληροφοριών γι’ αυτούς».

Οι υπηρεσίες πληροφοριών της Νορβηγίας — χώρα που παράγει το μεγαλύτερο μέρος της ηλεκτρικής της ενέργειας από υδροηλεκτρικά φράγματα — είχαν ήδη προειδοποιήσει για τον κίνδυνο τέτοιων επιθέσεων στην ενεργειακή υποδομή.

Η Νορβηγία και η Ρωσία μοιράζονται σύνορα 198 χιλιομέτρων, με συνοριακό πέρασμα στο Στόρσκογκ — το μοναδικό ανοιχτό σύνορο Σένγκεν με τη Ρωσία στην Ευρώπη.

Η αντίδραση της ρωσικής Πρεσβείας στη Νορβηγία

Η ρωσική πρεσβεία στο Όσλο χαρακτήρισε τις δηλώσεις της Γκάνγκος «αβάσιμες και πολιτικά υποκινούμενες».

Δήλωσε στο πρακτορείο Reuters: «Είναι προφανές ότι η PST προσπαθεί ανεπιτυχώς να τεκμηριώσει τη μυθική απειλή της ρωσικής δολιοφθοράς κατά της νορβηγικής υποδομής φέτος, την οποία η ίδια επινόησε στην ετήσια έκθεσή της του Φεβρουαρίου».

Πέρυσι, ο Ρίτσαρντ Μουρ, επικεφαλής της Βρετανικής Υπηρεσίας Πληροφοριών Εξωτερικού (MI6), κατηγόρησε τη Ρωσία για μια «απίστευτα απερίσκεπτη εκστρατεία» δολιοφθοράς στην Ευρώπη, μερικώς για να αποθαρρύνει τις χώρες από το να βοηθούν την Ουκρανία. Η Μόσχα αρνείται τις κατηγορίες.

Με πληροφορίες από Guardian","Η παραδοχή αυτή, από την Υπηρεσία Ασφαλείας της Νορβηγικής Αστυνομίας (PST), σηματοδοτεί την πρώτη φορά που το Όσλο αποδίδει επίσημα την κυβερνοεπίθεση του Απριλίου στο φράγμα του Μπρεμάνγκερ, στη δυτική Νορβηγία, στη Μόσχα.
Το περιστατικόΗ επίθεση στο υδροηλεκτρικό φράγμα, το οποίο παράγει ηλεκτρική ενέργεια, απελευθέρωσε 500 λίτρα νερού το δευτερόλεπτο για τέσσερις ώρες, μέχρι να εντοπιστεί και να σταματήσει το περιστατικό.
«Ο στόχος αυτού του είδους των επιχειρήσεων είναι να επηρεάσουν και να προκαλέσουν φόβο και χάος στον γενικό πληθυσμό.
Οι υπηρεσίες πληροφοριών της Νορβηγίας — χώρα που παράγει το μεγαλύτερο μέρος της ηλεκτρικής της ενέργειας από υδροηλεκτρικά φράγματα — είχαν ήδη προειδοποιήσει για τον κίνδυνο τέτοιων επιθέσεων στην ενεργειακή υποδομή.
Η αντίδραση της ρωσικής Πρεσβείας στη ΝορβηγίαΗ ρωσική πρεσβεία στο Όσλο χαρακτήρισε τις δηλώσεις της Γκάνγκος «αβάσιμες και πολιτικά υποκινούμενες».","['να', 'φράγμα', 'νορβηγίας', 'υδροηλεκτρικό', 'την', 'στην', 'του', 'σε', 'το', 'κυβερνοεπίθεση', 'στο', 'και', 'της', 'για', 'ρωσική', 'η']"
Ρωσία: Χαρακτηρίστηκαν ανεπιθύμητοι οι Δημοσιογράφοι Χωρίς Σύνορα,2025-08-14 19:51:16+03:00,https://www.naftemporiki.gr/kosmos/1993946/rosia-charaktiristikan-anepithymitoi-oi-dimosiografoi-choris-synora/,"Ανεπιθύμητη χαρακτήρισε τη διεθνή μη κυβερνητική οργάνωση για την ελευθερία του Τύπου, Δημοσιογράφοι χωρίς Σύνορα το υπουργείο Δικαιοσύνης της Ρωσίας.

Η Ρωσία χαρακτηρίζει τακτικά οργανώσεις που, όπως λέει, υπονομεύουν την εθνική της ασφάλεια ως «ανεπιθύμητες».

Ο χαρακτηρισμός αυτός σημαίνει ότι οι Ρώσοι πολίτες που συνεργάζονται ή χρηματοδοτούν τέτοιες οργανώσεις αντιμετωπίζουν ποινές φυλάκισης έως και πέντε ετών.

Και άλλες οργανώσεις

Στις οργανώσεις που έχουν ήδη χαρακτηριστεί ανεπιθύμητες περιλαμβάνονται το Radio Free Europe/Radio Liberty, που χρηματοδοτείται από την κυβέρνηση των ΗΠΑ, η διεθνής περιβαλλοντική οργάνωση Greenpeace και η Διεθνής Αμνηστία με έδρα το Λονδίνο.

Οι Δημοσιογράφοι χωρίς Σύνορα (RSF) ιδρύθηκε στη Γαλλία το 1985, υπερασπίζεται τους δημοσιογράφους και αγωνίζεται κατά της λογοκρισίας παγκοσμίως.

Οι RSF δεν απάντησε αμέσως σε αίτημα για σχολιασμό.

Η οργάνωση κατέταξε τη Ρωσία στην 171η θέση από 180 χώρες στον Παγκόσμιο Δείκτη Ελευθερίας του Τύπου φέτος και έχει καταγράψει 50 δημοσιογράφους που κρατούνται στη χώρα.

Πηγή: ΑΜΠΕ","Ανεπιθύμητη χαρακτήρισε τη διεθνή μη κυβερνητική οργάνωση για την ελευθερία του Τύπου, Δημοσιογράφοι χωρίς Σύνορα το υπουργείο Δικαιοσύνης της Ρωσίας.
Η Ρωσία χαρακτηρίζει τακτικά οργανώσεις που, όπως λέει, υπονομεύουν την εθνική της ασφάλεια ως «ανεπιθύμητες».
Ο χαρακτηρισμός αυτός σημαίνει ότι οι Ρώσοι πολίτες που συνεργάζονται ή χρηματοδοτούν τέτοιες οργανώσεις αντιμετωπίζουν ποινές φυλάκισης έως και πέντε ετών.
Οι Δημοσιογράφοι χωρίς Σύνορα (RSF) ιδρύθηκε στη Γαλλία το 1985, υπερασπίζεται τους δημοσιογράφους και αγωνίζεται κατά της λογοκρισίας παγκοσμίως.
Η οργάνωση κατέταξε τη Ρωσία στην 171η θέση από 180 χώρες στον Παγκόσμιο Δείκτη Ελευθερίας του Τύπου φέτος και έχει καταγράψει 50 δημοσιογράφους που κρατούνται στη χώρα.","['το', 'χωρίς', 'σύνορα', 'χαρακτηρίστηκαν', 'ρωσία', 'και', 'της', 'την', 'οργανώσεις', 'οι', 'οργάνωση', 'τύπου', 'ανεπιθύμητοι', 'που', 'του', 'δημοσιογράφοι']"
Τραμπ: Στην δεύτερη συνάντηση με τον Πούτιν θα γίνει η συμφωνία – Δεν είναι και κακός όρος η «μοιρασιά»,2025-08-14 19:11:05+03:00,https://www.naftemporiki.gr/kosmos/1993952/tramp-stin-deyteri-synantisi-me-ton-poytin-tha-ginei-i-symfonia-den-einai-kai-kakos-oros-i-moirasia/,"Ο Αμερικανός πρόεδρος σε συνέντευξη που παραχώρησε στο Fox News Radio επεσήμανε τη σημασία που θα έχει η δεύτερη συνάντησή του με τον Βλαντίμιρ Πούτιν.

Ο Τραμπ έχει ήδη αφήσει να εννοηθεί ότι οποιαδήποτε μελλοντική συνάντηση, στην οποία θα επιτευχθεί συμφωνία για κρίσιμα ζητήματα όπως τα εδάφη, θα περιλαμβάνει και τον πρόεδρο της Ουκρανίας, Βολοντίμιρ Ζελένσκι.

«Η δεύτερη συνάντηση θα είναι πολύ, πολύ σημαντική, γιατί εκείνη θα είναι η συνάντηση όπου θα γίνει η συμφωνία.

Και δεν θέλω να χρησιμοποιήσω τη λέξη “μοιρασιά”. Αλλά ξέρετε, σε κάποιο βαθμό, δεν είναι και κακός όρος, εντάξει;», είπε ο Τραμπ στο Fox News Radio.

Με πληροφορίες από Guardian","Ο Αμερικανός πρόεδρος σε συνέντευξη που παραχώρησε στο Fox News Radio επεσήμανε τη σημασία που θα έχει η δεύτερη συνάντησή του με τον Βλαντίμιρ Πούτιν.
Ο Τραμπ έχει ήδη αφήσει να εννοηθεί ότι οποιαδήποτε μελλοντική συνάντηση, στην οποία θα επιτευχθεί συμφωνία για κρίσιμα ζητήματα όπως τα εδάφη, θα περιλαμβάνει και τον πρόεδρο της Ουκρανίας, Βολοντίμιρ Ζελένσκι.
«Η δεύτερη συνάντηση θα είναι πολύ, πολύ σημαντική, γιατί εκείνη θα είναι η συνάντηση όπου θα γίνει η συμφωνία.
Και δεν θέλω να χρησιμοποιήσω τη λέξη “μοιρασιά”.
Αλλά ξέρετε, σε κάποιο βαθμό, δεν είναι και κακός όρος, εντάξει;», είπε ο Τραμπ στο Fox News Radio.","['όρος', 'με', 'συνάντηση', 'θα', 'συμφωνία', 'η', 'στο', 'στην', 'τη', 'πούτιν', 'σε', 'τραμπ', 'τον', 'που', 'μοιρασιά', 'είναι']"
Ανάλυση για τη συνάντηση Τραμπ-Πούτιν: Κανείς δεν μίλησε για εκεχειρία - Δεν έφυγε ως «ειρηνοποιός» από την Αλάσκα ο πρόεδρος των ΗΠΑ,2025-08-16 02:42:00+03:00,https://www.protothema.gr/world/article/1683011/analusi-apousa-pliros-i-lexi-ekeheiria-apo-trab-kai-poutin-den-efuge-os-eirinopoios-o-proedros-ipa/,"Ερώτημα οι επιπτώσεις για την Ουκρανία

Κλείσιμο

BBC: O Τραμπ έφυγε χωρίς τη σφραγίδα του ειρηνοποιού και του διαπραγματευτή

Μια πρώτη «αποκρυπτογράφηση» των όσων είπαν Ντόναλντ Τραμπ και Βλαντιμίρ Πούτιν μετά τη σχεδόν τρίωρη συνάντησή τους στην Αλάσκα επιχειρούν Sky News και BBC εστιάζοντας κυρίως στην απουσία της λέξης «εκεχειρία» από το λεξιλόγιο και των δύο ηγετών.Όπως σημειώνει ο ανταποκριτής του Sky News στις ΗΠΑ, «φαίνεται ότι απέχουμε πολύ από την επίτευξη εκεχειρίας στην Ουκρανία , αφού κανένας από τους δύο προέδρους δεν την ανέφερε».«Αν είχαν αναφερθεί σήμερα σε κατάπαυση του πυρός, αυτό θα είχε αλλάξει τη φύση της συζήτησης. Φαίνεται ότι απέχουμε πολύ από αυτό» προσθέτει επισημαίνοντας την αναφορά Πούτιν ότι για να είναι βιώσιμη οποιαδήποτε συμφωνία, πρέπει να αντιμετωπιστούν οι «βαθύτερες αιτίες» του πολέμου στην Ουκρανία και οι συνεχιζόμενες ανησυχίες της Ρωσίας.Όπως υπενθυμίζει «αυτή ήταν η αφετηρία της Ρωσίας και αυτό ήταν το σημείο τριβής σε όλη αυτή τη διαδικασία. Το γεγονός ότι ο Πούτιν στάθηκε στο ίδιο βάθρο με τον Τραμπ και είχε την αυτοπεποίθηση να το εκφράσει αυτό, μου λέει ότι αυτό βρίσκει απήχηση στον Τραμπ. Ωστόσο, αυτή η θέση είναι απαράδεκτη για την Ουκρανία».Ειδικά, δε, για τα όσα είπε ο Αμερικανός πρόεδρος, το βρετανικό δίκτυο, σχολιάζει ότι «ενώ ο Τραμπ μιλούσε με ενθουσιασμό για το αποτέλεσμα της συνάντησης, είπε επίσης ότι δεν έχουν καταλήξει ακόμη σε συμφωνία. Τόνισε τα θετικά, αλλά υπήρχαν και τα αρνητικά».«Νόμιζα ότι είδαμε δύο παλιούς φίλους να ξανασμίγουν με αμοιβαία κατανόηση και αμοιβαίο σεβασμό. Ποιες είναι οι επιπτώσεις για την Ουκρανία, αυτό μένει να το δούμε» καταλήγει ο ανταποκριτής του Sky News.Με αφορμή τη φράση Τραμπ «δεν υπάρχει συμφωνία μέχρι να υπάρξει συμφωνία», το BBC εκτιμά ότι «ήταν ένας έμμεσος τρόπος να παραδεχτεί ότι μετά από αρκετές ώρες συνομιλιών, δεν υπάρχει συμφωνία. Δεν υπάρχει κατάπαυση του πυρός. Δεν υπάρχει τίποτα συγκεκριμένο να αναφερθεί».","Το γεγονός ότι ο Πούτιν στάθηκε στο ίδιο βάθρο με τον Τραμπ και είχε την αυτοπεποίθηση να το εκφράσει αυτό, μου λέει ότι αυτό βρίσκει απήχηση στον Τραμπ.
Ωστόσο, αυτή η θέση είναι απαράδεκτη για την Ουκρανία».Ειδικά, δε, για τα όσα είπε ο Αμερικανός πρόεδρος, το βρετανικό δίκτυο, σχολιάζει ότι «ενώ ο Τραμπ μιλούσε με ενθουσιασμό για το αποτέλεσμα της συνάντησης, είπε επίσης ότι δεν έχουν καταλήξει ακόμη σε συμφωνία.
Τόνισε τα θετικά, αλλά υπήρχαν και τα αρνητικά».«Νόμιζα ότι είδαμε δύο παλιούς φίλους να ξανασμίγουν με αμοιβαία κατανόηση και αμοιβαίο σεβασμό.
Δεν υπάρχει κατάπαυση του πυρός.
Δεν υπάρχει τίποτα συγκεκριμένο να αναφερθεί».","['δεν', 'αυτό', 'των', 'για', 'και', 'τραμπ', 'τη', 'την', 'το', 'ότι', 'να', 'συνάντηση', 'πρόεδρος', 'ως', 'τραμππούτιν', 'του', 'ο']"
Ανάλυση για τη συνάντηση Τραμπ-Πούτιν: Κανείς δεν μίλησε για εκεχειρία - Δεν έφυγε ως «ειρηνοποιός» από την Αλάσκα ο πρόεδρος των ΗΠΑ,2025-08-16 02:42:00+03:00,https://www.protothema.gr/world/article/1683011/analusi-apousa-pliros-i-lexi-ekeheiria-apo-trab-kai-poutin-den-efuge-os-eirinopoios-o-proedros-ipa/,"Ερώτημα οι επιπτώσεις για την Ουκρανία

Κλείσιμο

BBC: O Τραμπ έφυγε χωρίς τη σφραγίδα του ειρηνοποιού και του διαπραγματευτή

Μια πρώτη «αποκρυπτογράφηση» των όσων είπαν Ντόναλντ Τραμπ και Βλαντιμίρ Πούτιν μετά τη σχεδόν τρίωρη συνάντησή τους στην Αλάσκα επιχειρούν Sky News και BBC εστιάζοντας κυρίως στην απουσία της λέξης «εκεχειρία» από το λεξιλόγιο και των δύο ηγετών.Όπως σημειώνει ο ανταποκριτής του Sky News στις ΗΠΑ, «φαίνεται ότι απέχουμε πολύ από την επίτευξη εκεχειρίας στην Ουκρανία , αφού κανένας από τους δύο προέδρους δεν την ανέφερε».«Αν είχαν αναφερθεί σήμερα σε κατάπαυση του πυρός, αυτό θα είχε αλλάξει τη φύση της συζήτησης. Φαίνεται ότι απέχουμε πολύ από αυτό» προσθέτει επισημαίνοντας την αναφορά Πούτιν ότι για να είναι βιώσιμη οποιαδήποτε συμφωνία, πρέπει να αντιμετωπιστούν οι «βαθύτερες αιτίες» του πολέμου στην Ουκρανία και οι συνεχιζόμενες ανησυχίες της Ρωσίας.Όπως υπενθυμίζει «αυτή ήταν η αφετηρία της Ρωσίας και αυτό ήταν το σημείο τριβής σε όλη αυτή τη διαδικασία. Το γεγονός ότι ο Πούτιν στάθηκε στο ίδιο βάθρο με τον Τραμπ και είχε την αυτοπεποίθηση να το εκφράσει αυτό, μου λέει ότι αυτό βρίσκει απήχηση στον Τραμπ. Ωστόσο, αυτή η θέση είναι απαράδεκτη για την Ουκρανία».Ειδικά, δε, για τα όσα είπε ο Αμερικανός πρόεδρος, το βρετανικό δίκτυο, σχολιάζει ότι «ενώ ο Τραμπ μιλούσε με ενθουσιασμό για το αποτέλεσμα της συνάντησης, είπε επίσης ότι δεν έχουν καταλήξει ακόμη σε συμφωνία. Τόνισε τα θετικά, αλλά υπήρχαν και τα αρνητικά».«Νόμιζα ότι είδαμε δύο παλιούς φίλους να ξανασμίγουν με αμοιβαία κατανόηση και αμοιβαίο σεβασμό. Ποιες είναι οι επιπτώσεις για την Ουκρανία, αυτό μένει να το δούμε» καταλήγει ο ανταποκριτής του Sky News.Με αφορμή τη φράση Τραμπ «δεν υπάρχει συμφωνία μέχρι να υπάρξει συμφωνία», το BBC εκτιμά ότι «ήταν ένας έμμεσος τρόπος να παραδεχτεί ότι μετά από αρκετές ώρες συνομιλιών, δεν υπάρχει συμφωνία. Δεν υπάρχει κατάπαυση του πυρός. Δεν υπάρχει τίποτα συγκεκριμένο να αναφερθεί».","Το γεγονός ότι ο Πούτιν στάθηκε στο ίδιο βάθρο με τον Τραμπ και είχε την αυτοπεποίθηση να το εκφράσει αυτό, μου λέει ότι αυτό βρίσκει απήχηση στον Τραμπ.
Ωστόσο, αυτή η θέση είναι απαράδεκτη για την Ουκρανία».Ειδικά, δε, για τα όσα είπε ο Αμερικανός πρόεδρος, το βρετανικό δίκτυο, σχολιάζει ότι «ενώ ο Τραμπ μιλούσε με ενθουσιασμό για το αποτέλεσμα της συνάντησης, είπε επίσης ότι δεν έχουν καταλήξει ακόμη σε συμφωνία.
Τόνισε τα θετικά, αλλά υπήρχαν και τα αρνητικά».«Νόμιζα ότι είδαμε δύο παλιούς φίλους να ξανασμίγουν με αμοιβαία κατανόηση και αμοιβαίο σεβασμό.
Δεν υπάρχει κατάπαυση του πυρός.
Δεν υπάρχει τίποτα συγκεκριμένο να αναφερθεί».","['δεν', 'αυτό', 'των', 'για', 'και', 'τραμπ', 'τη', 'την', 'το', 'ότι', 'να', 'συνάντηση', 'πρόεδρος', 'ως', 'τραμππούτιν', 'του', 'ο']"
